{"20240116T052149_20240116T053608_T43NBF.tif": {"original_ssim": 0.377111364820911, "coregistered_ssim": 0.3604695107836482, "change_ssim": -0.016641854037262815, "shift_x": 0.06549938023090363, "shift_y": -0.3696308732032776, "shift_x_meters": 0.65625, "shift_y_meters": 3.6875, "shift_reliability": 0, "window_size": [14, 14], "success": true, "CRS": null, "CRS_converted": false}, "20240121T052111_20240121T053340_T43NBF.tif": {"original_ssim": 0.3942774958936157, "coregistered_ssim": 0.39014425855003876, "change_ssim": -0.0041332373435769565, "shift_x": -0.07984720170497894, "shift_y": -0.35375410318374634, "shift_x_meters": -0.8125, "shift_y_meters": 3.5625, "shift_reliability": 0, "window_size": [14, 14], "success": true, "CRS": null, "CRS_converted": false}, "20240121T052111_20240121T053340_T43NBG.tif": {"original_ssim": null, "coregistered_ssim": null, "change_ssim": 0.0, "shift_x": null, "shift_y": null, "shift_x_meters": null, "shift_y_meters": null, "shift_reliability": null, "window_size": [24, 24], "success": false, "CRS": null, "CRS_converted": false}, "20240126T052109_20240126T053414_T43NBG.tif": {"original_ssim": 0.35862611512793147, "coregistered_ssim": 0.34588483127848674, "change_ssim": -0.012741283849444729, "shift_x": -0.11536058783531189, "shift_y": -0.27346718311309814, "shift_x_meters": -1.153605878353119, "shift_y_meters": 2.7346718311309814, "shift_reliability": 31.576819517495267, "window_size": [76, 76], "success": true, "CRS": null, "CRS_converted": false}, "settings": {"ws": [128, 128], "nodata": [0, 0], "max_shift": 100, "binary_ws": false, "progress": false, "v": false, "ignore_errors": true, "fmt_out": "GTiff"}}